id,severity,msg,verbose,cwe,file,line,column,symbol,info
uninitvar,error,Uninitialized variable: tmp_feature.depth,Uninitialized variable: tmp_feature.depth,457,estimator.cpp,629,44,tmp_feature,Assuming container is not empty
uninitvar,error,Uninitialized variable: tmp_feature.depth,Uninitialized variable: tmp_feature.depth,457,estimator.cpp,629,44,tmp_feature,Assuming container is not empty
uninitvar,error,Uninitialized variable: v,Uninitialized variable: v,457,estimator.cpp,1331,21,v,
uninitvar,error,Uninitialized variable: u,Uninitialized variable: u,457,estimator.cpp,1334,25,u,
uninitStructMember,error,Uninitialized struct member: tmp_feature.depth,Uninitialized struct member: tmp_feature.depth,457,estimator.cpp,636,25,tmp_feature.depth,
misra-c2012-12.3,style,The comma operator should not be used,The comma operator should not be used,,utility/utility.h,34,31,,
misra-c2012-12.3,style,The comma operator should not be used,The comma operator should not be used,,utility/utility.h,50,24,,
misra-c2012-12.3,style,The comma operator should not be used,The comma operator should not be used,,utility/utility.h,70,47,,
misra-c2012-12.3,style,The comma operator should not be used,The comma operator should not be used,,utility/utility.h,71,27,,
misra-c2012-12.3,style,The comma operator should not be used,The comma operator should not be used,,utility/utility.h,72,29,,
misra-c2012-12.3,style,The comma operator should not be used,The comma operator should not be used,,utility/utility.h,74,98,,
misra-c2012-12.3,style,The comma operator should not be used,The comma operator should not be used,,utility/utility.h,84,47,,
misra-c2012-12.3,style,The comma operator should not be used,The comma operator should not be used,,utility/utility.h,85,27,,
misra-c2012-12.3,style,The comma operator should not be used,The comma operator should not be used,,utility/utility.h,86,29,,
misra-c2012-12.3,style,The comma operator should not be used,The comma operator should not be used,,utility/utility.h,88,98,,
misra-c2012-12.3,style,The comma operator should not be used,The comma operator should not be used,,utility/utility.h,116,37,,
misra-c2012-12.3,style,The comma operator should not be used,The comma operator should not be used,,utility/utility.h,117,0,,
misra-c2012-12.3,style,The comma operator should not be used,The comma operator should not be used,,utility/utility.h,118,0,,
misra-c2012-12.3,style,The comma operator should not be used,The comma operator should not be used,,utility/utility.h,120,0,,
misra-c2012-12.3,style,The comma operator should not be used,The comma operator should not be used,,utility/utility.h,142,31,,
misra-c2012-12.3,style,The comma operator should not be used,The comma operator should not be used,,utility/utility.h,145,17,,
misra-c2012-12.3,style,The comma operator should not be used,The comma operator should not be used,,utility/utility.h,147,31,,
misra-c2012-12.3,style,The comma operator should not be used,The comma operator should not be used,,utility/utility.h,150,24,,
misra-c2012-12.3,style,The comma operator should not be used,The comma operator should not be used,,utility/utility.h,152,31,,
misra-c2012-12.3,style,The comma operator should not be used,The comma operator should not be used,,utility/utility.h,155,23,,
misra-c2012-12.3,style,The comma operator should not be used,The comma operator should not be used,,utility/utility.h,167,25,,
misra-c2012-12.3,style,The comma operator should not be used,The comma operator should not be used,,utility/utility.h,169,24,,
misra-c2012-12.3,style,The comma operator should not be used,The comma operator should not be used,,utility/utility.h,172,27,,
misra-c2012-12.3,style,The comma operator should not be used,The comma operator should not be used,,utility/utility.h,174,24,,
misra-c2012-12.3,style,The comma operator should not be used,The comma operator should not be used,,utility/utility.h,177,26,,
misra-c2012-12.3,style,The comma operator should not be used,The comma operator should not be used,,utility/utility.h,192,31,,
misra-c2012-12.3,style,The comma operator should not be used,The comma operator should not be used,,utility/utility.h,195,17,,
misra-c2012-12.3,style,The comma operator should not be used,The comma operator should not be used,,utility/utility.h,197,31,,
misra-c2012-12.3,style,The comma operator should not be used,The comma operator should not be used,,utility/utility.h,200,24,,
misra-c2012-12.3,style,The comma operator should not be used,The comma operator should not be used,,utility/utility.h,202,31,,
misra-c2012-12.3,style,The comma operator should not be used,The comma operator should not be used,,utility/utility.h,205,23,,
misra-c2012-12.3,style,The comma operator should not be used,The comma operator should not be used,,utility/utility.h,224,23,,
misra-c2012-12.3,style,The comma operator should not be used,The comma operator should not be used,,utility/utility.h,231,30,,
misra-c2012-12.3,style,The comma operator should not be used,The comma operator should not be used,,ThirdParty/DBoW/BowVector.h,57,24,,
misra-c2012-12.3,style,The comma operator should not be used,The comma operator should not be used,,ThirdParty/DUtils/Random.h,88,9,,
misra-c2012-12.3,style,The comma operator should not be used,The comma operator should not be used,,ThirdParty/DBoW/TemplatedVocabulary.h,82,34,,
misra-c2012-12.3,style,The comma operator should not be used,The comma operator should not be used,,ThirdParty/DBoW/TemplatedVocabulary.h,420,27,,
misra-c2012-12.3,style,The comma operator should not be used,The comma operator should not be used,,ThirdParty/DBoW/TemplatedVocabulary.h,421,32,,
misra-c2012-12.3,style,The comma operator should not be used,The comma operator should not be used,,ThirdParty/DBoW/TemplatedVocabulary.h,423,63,,
misra-c2012-12.3,style,The comma operator should not be used,The comma operator should not be used,,ThirdParty/DBoW/TemplatedVocabulary.h,432,27,,
misra-c2012-12.3,style,The comma operator should not be used,The comma operator should not be used,,ThirdParty/DBoW/TemplatedVocabulary.h,433,32,,
misra-c2012-12.3,style,The comma operator should not be used,The comma operator should not be used,,ThirdParty/DBoW/TemplatedVocabulary.h,445,27,,
misra-c2012-12.3,style,The comma operator should not be used,The comma operator should not be used,,ThirdParty/DBoW/TemplatedVocabulary.h,446,32,,
misra-c2012-12.3,style,The comma operator should not be used,The comma operator should not be used,,ThirdParty/DBoW/TemplatedVocabulary.h,458,27,,
misra-c2012-12.3,style,The comma operator should not be used,The comma operator should not be used,,ThirdParty/DBoW/TemplatedVocabulary.h,459,37,,
misra-c2012-12.3,style,The comma operator should not be used,The comma operator should not be used,,ThirdParty/DBoW/TemplatedVocabulary.h,495,27,,
misra-c2012-12.3,style,The comma operator should not be used,The comma operator should not be used,,ThirdParty/DBoW/TemplatedVocabulary.h,496,37,,
misra-c2012-12.3,style,The comma operator should not be used,The comma operator should not be used,,ThirdParty/DBoW/TemplatedVocabulary.h,504,27,,
misra-c2012-12.3,style,The comma operator should not be used,The comma operator should not be used,,ThirdParty/DBoW/TemplatedVocabulary.h,505,37,,
misra-c2012-12.3,style,The comma operator should not be used,The comma operator should not be used,,ThirdParty/DBoW/TemplatedVocabulary.h,512,27,,
misra-c2012-12.3,style,The comma operator should not be used,The comma operator should not be used,,ThirdParty/DBoW/TemplatedVocabulary.h,513,32,,
misra-c2012-12.3,style,The comma operator should not be used,The comma operator should not be used,,ThirdParty/DBoW/TemplatedVocabulary.h,523,27,,
misra-c2012-12.3,style,The comma operator should not be used,The comma operator should not be used,,ThirdParty/DBoW/TemplatedVocabulary.h,524,32,,
misra-c2012-12.3,style,The comma operator should not be used,The comma operator should not be used,,ThirdParty/DBoW/TemplatedVocabulary.h,531,27,,
misra-c2012-12.3,style,The comma operator should not be used,The comma operator should not be used,,ThirdParty/DBoW/TemplatedVocabulary.h,532,32,,
misra-c2012-12.3,style,The comma operator should not be used,The comma operator should not be used,,ThirdParty/DBoW/TemplatedVocabulary.h,533,32,,
misra-c2012-12.3,style,The comma operator should not be used,The comma operator should not be used,,ThirdParty/DBoW/TemplatedVocabulary.h,554,27,,
misra-c2012-12.3,style,The comma operator should not be used,The comma operator should not be used,,ThirdParty/DBoW/TemplatedVocabulary.h,555,37,,
misra-c2012-12.3,style,The comma operator should not be used,The comma operator should not be used,,ThirdParty/DBoW/TemplatedVocabulary.h,588,27,,
misra-c2012-12.3,style,The comma operator should not be used,The comma operator should not be used,,ThirdParty/DBoW/TemplatedVocabulary.h,589,37,,
misra-c2012-12.3,style,The comma operator should not be used,The comma operator should not be used,,ThirdParty/DBoW/TemplatedVocabulary.h,601,27,,
misra-c2012-12.3,style,The comma operator should not be used,The comma operator should not be used,,ThirdParty/DBoW/TemplatedVocabulary.h,602,37,,
misra-c2012-12.3,style,The comma operator should not be used,The comma operator should not be used,,ThirdParty/DBoW/TemplatedVocabulary.h,617,27,,
misra-c2012-12.3,style,The comma operator should not be used,The comma operator should not be used,,ThirdParty/DBoW/TemplatedVocabulary.h,618,37,,
misra-c2012-12.3,style,The comma operator should not be used,The comma operator should not be used,,ThirdParty/DBoW/TemplatedVocabulary.h,638,27,,
misra-c2012-12.3,style,The comma operator should not be used,The comma operator should not be used,,ThirdParty/DBoW/TemplatedVocabulary.h,639,37,,
misra-c2012-12.3,style,The comma operator should not be used,The comma operator should not be used,,ThirdParty/DBoW/TemplatedVocabulary.h,676,38,,
misra-c2012-12.3,style,The comma operator should not be used,The comma operator should not be used,,ThirdParty/DBoW/TemplatedVocabulary.h,820,27,,
misra-c2012-12.3,style,The comma operator should not be used,The comma operator should not be used,,ThirdParty/DBoW/TemplatedVocabulary.h,821,37,,
misra-c2012-12.3,style,The comma operator should not be used,The comma operator should not be used,,ThirdParty/DBoW/TemplatedVocabulary.h,830,27,,
misra-c2012-12.3,style,The comma operator should not be used,The comma operator should not be used,,ThirdParty/DBoW/TemplatedVocabulary.h,831,37,,
misra-c2012-12.3,style,The comma operator should not be used,The comma operator should not be used,,ThirdParty/DBoW/TemplatedVocabulary.h,863,61,,
misra-c2012-12.3,style,The comma operator should not be used,The comma operator should not be used,,ThirdParty/DBoW/TemplatedVocabulary.h,872,63,,
misra-c2012-12.3,style,The comma operator should not be used,The comma operator should not be used,,ThirdParty/DBoW/TemplatedVocabulary.h,916,27,,
misra-c2012-12.3,style,The comma operator should not be used,The comma operator should not be used,,ThirdParty/DBoW/TemplatedVocabulary.h,917,37,,
misra-c2012-12.3,style,The comma operator should not be used,The comma operator should not be used,,ThirdParty/DBoW/TemplatedVocabulary.h,941,27,,
misra-c2012-12.3,style,The comma operator should not be used,The comma operator should not be used,,ThirdParty/DBoW/TemplatedVocabulary.h,942,37,,
misra-c2012-12.3,style,The comma operator should not be used,The comma operator should not be used,,ThirdParty/DBoW/TemplatedVocabulary.h,999,27,,
misra-c2012-12.3,style,The comma operator should not be used,The comma operator should not be used,,ThirdParty/DBoW/TemplatedVocabulary.h,1000,52,,
misra-c2012-12.3,style,The comma operator should not be used,The comma operator should not be used,,ThirdParty/DBoW/TemplatedVocabulary.h,1007,27,,
misra-c2012-12.3,style,The comma operator should not be used,The comma operator should not be used,,ThirdParty/DBoW/TemplatedVocabulary.h,1008,44,,
misra-c2012-12.3,style,The comma operator should not be used,The comma operator should not be used,,ThirdParty/DBoW/TemplatedVocabulary.h,1015,27,,
misra-c2012-12.3,style,The comma operator should not be used,The comma operator should not be used,,ThirdParty/DBoW/TemplatedVocabulary.h,1016,38,,
misra-c2012-12.3,style,The comma operator should not be used,The comma operator should not be used,,ThirdParty/DBoW/TemplatedVocabulary.h,1032,27,,
misra-c2012-12.3,style,The comma operator should not be used,The comma operator should not be used,,ThirdParty/DBoW/TemplatedVocabulary.h,1033,44,,
misra-c2012-12.3,style,The comma operator should not be used,The comma operator should not be used,,ThirdParty/DBoW/TemplatedVocabulary.h,1040,27,,
misra-c2012-12.3,style,The comma operator should not be used,The comma operator should not be used,,ThirdParty/DBoW/TemplatedVocabulary.h,1041,42,,
misra-c2012-12.3,style,The comma operator should not be used,The comma operator should not be used,,ThirdParty/DBoW/TemplatedVocabulary.h,1048,27,,
misra-c2012-12.3,style,The comma operator should not be used,The comma operator should not be used,,ThirdParty/DBoW/TemplatedVocabulary.h,1049,39,,
misra-c2012-12.3,style,The comma operator should not be used,The comma operator should not be used,,ThirdParty/DBoW/TemplatedVocabulary.h,1064,27,,
misra-c2012-12.3,style,The comma operator should not be used,The comma operator should not be used,,ThirdParty/DBoW/TemplatedVocabulary.h,1065,37,,
misra-c2012-12.3,style,The comma operator should not be used,The comma operator should not be used,,ThirdParty/DBoW/TemplatedVocabulary.h,1125,27,,
misra-c2012-12.3,style,The comma operator should not be used,The comma operator should not be used,,ThirdParty/DBoW/TemplatedVocabulary.h,1126,37,,
misra-c2012-12.3,style,The comma operator should not be used,The comma operator should not be used,,ThirdParty/DBoW/TemplatedVocabulary.h,1147,60,,
misra-c2012-12.3,style,The comma operator should not be used,The comma operator should not be used,,ThirdParty/DBoW/TemplatedVocabulary.h,1175,60,,
misra-c2012-12.3,style,The comma operator should not be used,The comma operator should not be used,,ThirdParty/DBoW/TemplatedVocabulary.h,1197,27,,
misra-c2012-12.3,style,The comma operator should not be used,The comma operator should not be used,,ThirdParty/DBoW/TemplatedVocabulary.h,1198,46,,
misra-c2012-12.3,style,The comma operator should not be used,The comma operator should not be used,,ThirdParty/DBoW/TemplatedVocabulary.h,1206,27,,
misra-c2012-12.3,style,The comma operator should not be used,The comma operator should not be used,,ThirdParty/DBoW/TemplatedVocabulary.h,1207,37,,
misra-c2012-12.3,style,The comma operator should not be used,The comma operator should not be used,,ThirdParty/DBoW/TemplatedVocabulary.h,1216,27,,
misra-c2012-12.3,style,The comma operator should not be used,The comma operator should not be used,,ThirdParty/DBoW/TemplatedVocabulary.h,1217,37,,
misra-c2012-12.3,style,The comma operator should not be used,The comma operator should not be used,,ThirdParty/DBoW/TemplatedVocabulary.h,1262,27,,
misra-c2012-12.3,style,The comma operator should not be used,The comma operator should not be used,,ThirdParty/DBoW/TemplatedVocabulary.h,1263,39,,
misra-c2012-12.3,style,The comma operator should not be used,The comma operator should not be used,,ThirdParty/DBoW/TemplatedVocabulary.h,1277,27,,
misra-c2012-12.3,style,The comma operator should not be used,The comma operator should not be used,,ThirdParty/DBoW/TemplatedVocabulary.h,1278,37,,
misra-c2012-12.3,style,The comma operator should not be used,The comma operator should not be used,,ThirdParty/DBoW/TemplatedVocabulary.h,1318,27,,
misra-c2012-12.3,style,The comma operator should not be used,The comma operator should not be used,,ThirdParty/DBoW/TemplatedVocabulary.h,1319,36,,
misra-c2012-12.3,style,The comma operator should not be used,The comma operator should not be used,,ThirdParty/DBoW/TemplatedVocabulary.h,1336,27,,
misra-c2012-12.3,style,The comma operator should not be used,The comma operator should not be used,,ThirdParty/DBoW/TemplatedVocabulary.h,1337,37,,
misra-c2012-12.3,style,The comma operator should not be used,The comma operator should not be used,,ThirdParty/DBoW/TemplatedVocabulary.h,1347,27,,
misra-c2012-12.3,style,The comma operator should not be used,The comma operator should not be used,,ThirdParty/DBoW/TemplatedVocabulary.h,1348,37,,
misra-c2012-12.3,style,The comma operator should not be used,The comma operator should not be used,,ThirdParty/DBoW/TemplatedVocabulary.h,1358,27,,
misra-c2012-12.3,style,The comma operator should not be used,The comma operator should not be used,,ThirdParty/DBoW/TemplatedVocabulary.h,1359,37,,
misra-c2012-12.3,style,The comma operator should not be used,The comma operator should not be used,,ThirdParty/DBoW/TemplatedVocabulary.h,1399,30,,
misra-c2012-12.3,style,The comma operator should not be used,The comma operator should not be used,,ThirdParty/DBoW/TemplatedVocabulary.h,1455,27,,
misra-c2012-12.3,style,The comma operator should not be used,The comma operator should not be used,,ThirdParty/DBoW/TemplatedVocabulary.h,1456,37,,
misra-c2012-12.3,style,The comma operator should not be used,The comma operator should not be used,,ThirdParty/DBoW/TemplatedVocabulary.h,1508,27,,
misra-c2012-12.3,style,The comma operator should not be used,The comma operator should not be used,,ThirdParty/DBoW/TemplatedVocabulary.h,1509,37,,
misra-c2012-12.3,style,The comma operator should not be used,The comma operator should not be used,,ThirdParty/DBoW/TemplatedVocabulary.h,1572,27,,
misra-c2012-12.3,style,The comma operator should not be used,The comma operator should not be used,,ThirdParty/DBoW/QueryResults.h,36,19,,
misra-c2012-12.3,style,The comma operator should not be used,The comma operator should not be used,,ThirdParty/DBoW/TemplatedDatabase.h,35,27,,
misra-c2012-12.3,style,The comma operator should not be used,The comma operator should not be used,,ThirdParty/DBoW/TemplatedDatabase.h,88,32,,
misra-c2012-12.3,style,The comma operator should not be used,The comma operator should not be used,,ThirdParty/DBoW/TemplatedDatabase.h,115,47,,
misra-c2012-12.3,style,The comma operator should not be used,The comma operator should not be used,,ThirdParty/DBoW/TemplatedDatabase.h,304,34,,
misra-c2012-12.3,style,The comma operator should not be used,The comma operator should not be used,,ThirdParty/DBoW/TemplatedDatabase.h,329,27,,
misra-c2012-12.3,style,The comma operator should not be used,The comma operator should not be used,,ThirdParty/DBoW/TemplatedDatabase.h,330,30,,
misra-c2012-12.3,style,The comma operator should not be used,The comma operator should not be used,,ThirdParty/DBoW/TemplatedDatabase.h,332,57,,
misra-c2012-12.3,style,The comma operator should not be used,The comma operator should not be used,,ThirdParty/DBoW/TemplatedDatabase.h,338,27,,
misra-c2012-12.3,style,The comma operator should not be used,The comma operator should not be used,,ThirdParty/DBoW/TemplatedDatabase.h,340,30,,
misra-c2012-12.3,style,The comma operator should not be used,The comma operator should not be used,,ThirdParty/DBoW/TemplatedDatabase.h,342,34,,
misra-c2012-12.3,style,The comma operator should not be used,The comma operator should not be used,,ThirdParty/DBoW/TemplatedDatabase.h,350,27,,
misra-c2012-12.3,style,The comma operator should not be used,The comma operator should not be used,,ThirdParty/DBoW/TemplatedDatabase.h,351,30,,
misra-c2012-12.3,style,The comma operator should not be used,The comma operator should not be used,,ThirdParty/DBoW/TemplatedDatabase.h,360,27,,
misra-c2012-12.3,style,The comma operator should not be used,The comma operator should not be used,,ThirdParty/DBoW/TemplatedDatabase.h,361,30,,
misra-c2012-12.3,style,The comma operator should not be used,The comma operator should not be used,,ThirdParty/DBoW/TemplatedDatabase.h,370,27,,
misra-c2012-12.3,style,The comma operator should not be used,The comma operator should not be used,,ThirdParty/DBoW/TemplatedDatabase.h,371,30,,
misra-c2012-12.3,style,The comma operator should not be used,The comma operator should not be used,,ThirdParty/DBoW/TemplatedDatabase.h,380,27,,
misra-c2012-12.3,style,The comma operator should not be used,The comma operator should not be used,,ThirdParty/DBoW/TemplatedDatabase.h,381,30,,
misra-c2012-12.3,style,The comma operator should not be used,The comma operator should not be used,,ThirdParty/DBoW/TemplatedDatabase.h,388,27,,
misra-c2012-12.3,style,The comma operator should not be used,The comma operator should not be used,,ThirdParty/DBoW/TemplatedDatabase.h,389,30,,
misra-c2012-12.3,style,The comma operator should not be used,The comma operator should not be used,,ThirdParty/DBoW/TemplatedDatabase.h,407,27,,
misra-c2012-12.3,style,The comma operator should not be used,The comma operator should not be used,,ThirdParty/DBoW/TemplatedDatabase.h,408,38,,
misra-c2012-12.3,style,The comma operator should not be used,The comma operator should not be used,,ThirdParty/DBoW/TemplatedDatabase.h,440,27,,
misra-c2012-12.3,style,The comma operator should not be used,The comma operator should not be used,,ThirdParty/DBoW/TemplatedDatabase.h,441,38,,
misra-c2012-12.3,style,The comma operator should not be used,The comma operator should not be used,,ThirdParty/DBoW/TemplatedDatabase.h,479,27,,
misra-c2012-12.3,style,The comma operator should not be used,The comma operator should not be used,,ThirdParty/DBoW/TemplatedDatabase.h,480,35,,
misra-c2012-12.3,style,The comma operator should not be used,The comma operator should not be used,,ThirdParty/DBoW/TemplatedDatabase.h,507,27,,
misra-c2012-12.3,style,The comma operator should not be used,The comma operator should not be used,,ThirdParty/DBoW/TemplatedDatabase.h,509,42,,
misra-c2012-12.3,style,The comma operator should not be used,The comma operator should not be used,,ThirdParty/DBoW/TemplatedDatabase.h,519,27,,
misra-c2012-12.3,style,The comma operator should not be used,The comma operator should not be used,,ThirdParty/DBoW/TemplatedDatabase.h,521,42,,
misra-c2012-12.3,style,The comma operator should not be used,The comma operator should not be used,,ThirdParty/DBoW/TemplatedDatabase.h,533,27,,
misra-c2012-12.3,style,The comma operator should not be used,The comma operator should not be used,,ThirdParty/DBoW/TemplatedDatabase.h,534,45,,
misra-c2012-12.3,style,The comma operator should not be used,The comma operator should not be used,,ThirdParty/DBoW/TemplatedDatabase.h,535,30,,
misra-c2012-12.3,style,The comma operator should not be used,The comma operator should not be used,,ThirdParty/DBoW/TemplatedDatabase.h,542,27,,
misra-c2012-12.3,style,The comma operator should not be used,The comma operator should not be used,,ThirdParty/DBoW/TemplatedDatabase.h,543,42,,
misra-c2012-12.3,style,The comma operator should not be used,The comma operator should not be used,,ThirdParty/DBoW/TemplatedDatabase.h,555,27,,
misra-c2012-12.3,style,The comma operator should not be used,The comma operator should not be used,,ThirdParty/DBoW/TemplatedDatabase.h,556,35,,
misra-c2012-12.3,style,The comma operator should not be used,The comma operator should not be used,,ThirdParty/DBoW/TemplatedDatabase.h,582,27,,
misra-c2012-12.3,style,The comma operator should not be used,The comma operator should not be used,,ThirdParty/DBoW/TemplatedDatabase.h,583,50,,
misra-c2012-12.3,style,The comma operator should not be used,The comma operator should not be used,,ThirdParty/DBoW/TemplatedDatabase.h,590,27,,
misra-c2012-12.3,style,The comma operator should not be used,The comma operator should not be used,,ThirdParty/DBoW/TemplatedDatabase.h,591,42,,
misra-c2012-12.3,style,The comma operator should not be used,The comma operator should not be used,,ThirdParty/DBoW/TemplatedDatabase.h,598,27,,
misra-c2012-12.3,style,The comma operator should not be used,The comma operator should not be used,,ThirdParty/DBoW/TemplatedDatabase.h,599,41,,
misra-c2012-12.3,style,The comma operator should not be used,The comma operator should not be used,,ThirdParty/DBoW/TemplatedDatabase.h,606,27,,
misra-c2012-12.3,style,The comma operator should not be used,The comma operator should not be used,,ThirdParty/DBoW/TemplatedDatabase.h,607,35,,
misra-c2012-12.3,style,The comma operator should not be used,The comma operator should not be used,,ThirdParty/DBoW/TemplatedDatabase.h,618,27,,
misra-c2012-12.3,style,The comma operator should not be used,The comma operator should not be used,,ThirdParty/DBoW/TemplatedDatabase.h,619,35,,
misra-c2012-12.3,style,The comma operator should not be used,The comma operator should not be used,,ThirdParty/DBoW/TemplatedDatabase.h,655,27,,
misra-c2012-12.3,style,The comma operator should not be used,The comma operator should not be used,,ThirdParty/DBoW/TemplatedDatabase.h,656,35,,
misra-c2012-12.3,style,The comma operator should not be used,The comma operator should not be used,,ThirdParty/DBoW/TemplatedDatabase.h,662,19,,
misra-c2012-12.3,style,The comma operator should not be used,The comma operator should not be used,,ThirdParty/DBoW/TemplatedDatabase.h,663,19,,
misra-c2012-12.3,style,The comma operator should not be used,The comma operator should not be used,,ThirdParty/DBoW/TemplatedDatabase.h,727,27,,
misra-c2012-12.3,style,The comma operator should not be used,The comma operator should not be used,,ThirdParty/DBoW/TemplatedDatabase.h,728,35,,
misra-c2012-12.3,style,The comma operator should not be used,The comma operator should not be used,,ThirdParty/DBoW/TemplatedDatabase.h,734,19,,
misra-c2012-12.3,style,The comma operator should not be used,The comma operator should not be used,,ThirdParty/DBoW/TemplatedDatabase.h,735,19,,
misra-c2012-12.3,style,The comma operator should not be used,The comma operator should not be used,,ThirdParty/DBoW/TemplatedDatabase.h,815,27,,
misra-c2012-12.3,style,The comma operator should not be used,The comma operator should not be used,,ThirdParty/DBoW/TemplatedDatabase.h,816,35,,
misra-c2012-12.3,style,The comma operator should not be used,The comma operator should not be used,,ThirdParty/DBoW/TemplatedDatabase.h,822,19,,
misra-c2012-12.3,style,The comma operator should not be used,The comma operator should not be used,,ThirdParty/DBoW/TemplatedDatabase.h,823,19,,
misra-c2012-12.3,style,The comma operator should not be used,The comma operator should not be used,,ThirdParty/DBoW/TemplatedDatabase.h,825,19,,
misra-c2012-12.3,style,The comma operator should not be used,The comma operator should not be used,,ThirdParty/DBoW/TemplatedDatabase.h,826,19,,
misra-c2012-12.3,style,The comma operator should not be used,The comma operator should not be used,,ThirdParty/DBoW/TemplatedDatabase.h,886,53,,
misra-c2012-12.3,style,The comma operator should not be used,The comma operator should not be used,,ThirdParty/DBoW/TemplatedDatabase.h,926,27,,
misra-c2012-12.3,style,The comma operator should not be used,The comma operator should not be used,,ThirdParty/DBoW/TemplatedDatabase.h,927,35,,
misra-c2012-12.3,style,The comma operator should not be used,The comma operator should not be used,,ThirdParty/DBoW/TemplatedDatabase.h,933,19,,
misra-c2012-12.3,style,The comma operator should not be used,The comma operator should not be used,,ThirdParty/DBoW/TemplatedDatabase.h,934,19,,
misra-c2012-12.3,style,The comma operator should not be used,The comma operator should not be used,,ThirdParty/DBoW/TemplatedDatabase.h,1017,27,,
misra-c2012-12.3,style,The comma operator should not be used,The comma operator should not be used,,ThirdParty/DBoW/TemplatedDatabase.h,1018,35,,
misra-c2012-12.3,style,The comma operator should not be used,The comma operator should not be used,,ThirdParty/DBoW/TemplatedDatabase.h,1027,19,,
misra-c2012-12.3,style,The comma operator should not be used,The comma operator should not be used,,ThirdParty/DBoW/TemplatedDatabase.h,1028,19,,
misra-c2012-12.3,style,The comma operator should not be used,The comma operator should not be used,,ThirdParty/DBoW/TemplatedDatabase.h,1090,27,,
misra-c2012-12.3,style,The comma operator should not be used,The comma operator should not be used,,ThirdParty/DBoW/TemplatedDatabase.h,1091,35,,
misra-c2012-12.3,style,The comma operator should not be used,The comma operator should not be used,,ThirdParty/DBoW/TemplatedDatabase.h,1097,19,,
misra-c2012-12.3,style,The comma operator should not be used,The comma operator should not be used,,ThirdParty/DBoW/TemplatedDatabase.h,1098,19,,
misra-c2012-12.3,style,The comma operator should not be used,The comma operator should not be used,,ThirdParty/DBoW/TemplatedDatabase.h,1158,27,,
misra-c2012-12.3,style,The comma operator should not be used,The comma operator should not be used,,ThirdParty/DBoW/TemplatedDatabase.h,1159,51,,
misra-c2012-12.3,style,The comma operator should not be used,The comma operator should not be used,,ThirdParty/DBoW/TemplatedDatabase.h,1168,27,,
misra-c2012-12.3,style,The comma operator should not be used,The comma operator should not be used,,ThirdParty/DBoW/TemplatedDatabase.h,1169,35,,
misra-c2012-12.3,style,The comma operator should not be used,The comma operator should not be used,,ThirdParty/DBoW/TemplatedDatabase.h,1179,27,,
misra-c2012-12.3,style,The comma operator should not be used,The comma operator should not be used,,ThirdParty/DBoW/TemplatedDatabase.h,1180,35,,
misra-c2012-12.3,style,The comma operator should not be used,The comma operator should not be used,,ThirdParty/DBoW/TemplatedDatabase.h,1276,27,,
misra-c2012-12.3,style,The comma operator should not be used,The comma operator should not be used,,ThirdParty/DBoW/TemplatedDatabase.h,1277,35,,
misra-c2012-12.3,style,The comma operator should not be used,The comma operator should not be used,,ThirdParty/DBoW/TemplatedDatabase.h,1287,27,,
misra-c2012-12.3,style,The comma operator should not be used,The comma operator should not be used,,ThirdParty/DBoW/TemplatedDatabase.h,1288,35,,
misra-c2012-12.3,style,The comma operator should not be used,The comma operator should not be used,,ThirdParty/DBoW/TemplatedDatabase.h,1372,27,,
misra-c2012-12.3,style,The comma operator should not be used,The comma operator should not be used,,ThirdParty/DVision/BRIEF.h,188,24,,
misra-c2012-12.3,style,The comma operator should not be used,The comma operator should not be used,,ThirdParty/DVision/BRIEF.h,189,24,,
misra-c2012-12.3,style,The comma operator should not be used,The comma operator should not be used,,parameters.h,71,20,,
misra-c2012-12.3,style,The comma operator should not be used,The comma operator should not be used,,parameters.h,72,20,,
misra-c2012-12.3,style,The comma operator should not be used,The comma operator should not be used,,parameters.h,97,18,,
misra-c2012-12.3,style,The comma operator should not be used,The comma operator should not be used,,utility/nanoflann.hpp,90,20,,
misra-c2012-12.3,style,The comma operator should not be used,The comma operator should not be used,,utility/nanoflann.hpp,93,21,,
misra-c2012-12.3,style,The comma operator should not be used,The comma operator should not be used,,utility/nanoflann.hpp,96,20,,
misra-c2012-12.3,style,The comma operator should not be used,The comma operator should not be used,,utility/nanoflann.hpp,103,60,,
misra-c2012-12.3,style,The comma operator should not be used,The comma operator should not be used,,utility/nanoflann.hpp,113,61,,
misra-c2012-12.3,style,The comma operator should not be used,The comma operator should not be used,,utility/nanoflann.hpp,122,29,,
misra-c2012-12.3,style,The comma operator should not be used,The comma operator should not be used,,utility/nanoflann.hpp,123,60,,
misra-c2012-12.3,style,The comma operator should not be used,The comma operator should not be used,,utility/nanoflann.hpp,131,29,,
misra-c2012-12.3,style,The comma operator should not be used,The comma operator should not be used,,utility/nanoflann.hpp,132,61,,
misra-c2012-12.3,style,The comma operator should not be used,The comma operator should not be used,,utility/nanoflann.hpp,323,18,,
misra-c2012-12.3,style,The comma operator should not be used,The comma operator should not be used,,utility/nanoflann.hpp,362,23,,
misra-c2012-12.3,style,The comma operator should not be used,The comma operator should not be used,,utility/nanoflann.hpp,374,18,,
misra-c2012-12.3,style,The comma operator should not be used,The comma operator should not be used,,utility/nanoflann.hpp,410,23,,
misra-c2012-12.3,style,The comma operator should not be used,The comma operator should not be used,,utility/nanoflann.hpp,454,18,,
misra-c2012-12.3,style,The comma operator should not be used,The comma operator should not be used,,utility/nanoflann.hpp,470,23,,
misra-c2012-12.3,style,The comma operator should not be used,The comma operator should not be used,,utility/nanoflann.hpp,489,18,,
misra-c2012-12.3,style,The comma operator should not be used,The comma operator should not be used,,utility/nanoflann.hpp,504,23,,
misra-c2012-12.3,style,The comma operator should not be used,The comma operator should not be used,,utility/nanoflann.hpp,720,57,,
misra-c2012-12.3,style,The comma operator should not be used,The comma operator should not be used,,utility/nanoflann.hpp,1465,28,,
misra-c2012-12.3,style,The comma operator should not be used,The comma operator should not be used,,utility/nanoflann.hpp,1469,17,,
misra-c2012-12.3,style,The comma operator should not be used,The comma operator should not be used,,utility/nanoflann.hpp,1470,17,,
misra-c2012-12.3,style,The comma operator should not be used,The comma operator should not be used,,utility/nanoflann.hpp,1526,0,,
misra-c2012-12.3,style,The comma operator should not be used,The comma operator should not be used,,utility/nanoflann.hpp,1527,0,,
misra-c2012-12.3,style,The comma operator should not be used,The comma operator should not be used,,utility/nanoflann.hpp,1528,0,,
misra-c2012-12.3,style,The comma operator should not be used,The comma operator should not be used,,utility/nanoflann.hpp,1531,0,,
misra-c2012-12.3,style,The comma operator should not be used,The comma operator should not be used,,utility/nanoflann.hpp,1557,0,,
misra-c2012-12.3,style,The comma operator should not be used,The comma operator should not be used,,utility/nanoflann.hpp,1561,0,,
misra-c2012-12.3,style,The comma operator should not be used,The comma operator should not be used,,utility/nanoflann.hpp,1593,0,,
misra-c2012-12.3,style,The comma operator should not be used,The comma operator should not be used,,utility/nanoflann.hpp,1597,0,,
misra-c2012-12.3,style,The comma operator should not be used,The comma operator should not be used,,utility/nanoflann.hpp,1709,0,,
misra-c2012-12.3,style,The comma operator should not be used,The comma operator should not be used,,utility/nanoflann.hpp,1727,0,,
misra-c2012-12.3,style,The comma operator should not be used,The comma operator should not be used,,utility/nanoflann.hpp,1728,0,,
misra-c2012-12.3,style,The comma operator should not be used,The comma operator should not be used,,utility/nanoflann.hpp,1729,0,,
misra-c2012-12.3,style,The comma operator should not be used,The comma operator should not be used,,utility/nanoflann.hpp,1731,0,,
misra-c2012-12.3,style,The comma operator should not be used,The comma operator should not be used,,utility/nanoflann.hpp,1732,0,,
misra-c2012-12.3,style,The comma operator should not be used,The comma operator should not be used,,utility/nanoflann.hpp,1733,0,,
misra-c2012-12.3,style,The comma operator should not be used,The comma operator should not be used,,utility/nanoflann.hpp,1747,0,,
misra-c2012-12.3,style,The comma operator should not be used,The comma operator should not be used,,utility/nanoflann.hpp,1786,28,,
misra-c2012-12.3,style,The comma operator should not be used,The comma operator should not be used,,utility/nanoflann.hpp,1813,0,,
misra-c2012-12.3,style,The comma operator should not be used,The comma operator should not be used,,utility/nanoflann.hpp,1818,0,,
misra-c2012-12.3,style,The comma operator should not be used,The comma operator should not be used,,utility/nanoflann.hpp,1953,27,,
misra-c2012-12.3,style,The comma operator should not be used,The comma operator should not be used,,utility/nanoflann.hpp,1980,0,,
misra-c2012-12.3,style,The comma operator should not be used,The comma operator should not be used,,utility/nanoflann.hpp,2010,0,,
misra-c2012-12.3,style,The comma operator should not be used,The comma operator should not be used,,utility/nanoflann.hpp,2011,0,,
misra-c2012-12.3,style,The comma operator should not be used,The comma operator should not be used,,utility/tic_toc.h,42,61,,
misra-c2012-12.3,style,The comma operator should not be used,The comma operator should not be used,,map/map.h,201,17,,
misra-c2012-12.3,style,The comma operator should not be used,The comma operator should not be used,,map/map.h,202,17,,
misra-c2012-12.3,style,The comma operator should not be used,The comma operator should not be used,,feature_manager.h,179,25,,
misra-c2012-12.3,style,The comma operator should not be used,The comma operator should not be used,,feature_manager.h,182,34,,
misra-c2012-12.3,style,The comma operator should not be used,The comma operator should not be used,,initial/initial_sfm.h,28,17,,
misra-c2012-12.3,style,The comma operator should not be used,The comma operator should not be used,,factor/integration_base.h,26,97,,
misra-c2012-12.3,style,The comma operator should not be used,The comma operator should not be used,,factor/integration_base.h,30,22,,
misra-c2012-12.3,style,The comma operator should not be used,The comma operator should not be used,,factor/integration_base.h,31,22,,
misra-c2012-12.3,style,The comma operator should not be used,The comma operator should not be used,,factor/integration_base.h,32,22,,
misra-c2012-12.3,style,The comma operator should not be used,The comma operator should not be used,,factor/integration_base.h,33,22,,
misra-c2012-12.3,style,The comma operator should not be used,The comma operator should not be used,,factor/integration_base.h,34,22,,
misra-c2012-12.3,style,The comma operator should not be used,The comma operator should not be used,,factor/integration_base.h,35,22,,
misra-c2012-12.3,style,The comma operator should not be used,The comma operator should not be used,,factor/integration_base.h,100,27,,
misra-c2012-12.3,style,The comma operator should not be used,The comma operator should not be used,,factor/integration_base.h,104,32,,
misra-c2012-12.3,style,The comma operator should not be used,The comma operator should not be used,,factor/integration_base.h,107,36,,
misra-c2012-12.3,style,The comma operator should not be used,The comma operator should not be used,,factor/integration_base.h,110,36,,
misra-c2012-12.3,style,The comma operator should not be used,The comma operator should not be used,,factor/integration_base.h,113,22,,
misra-c2012-12.3,style,The comma operator should not be used,The comma operator should not be used,,factor/integration_base.h,114,22,,
misra-c2012-12.3,style,The comma operator should not be used,The comma operator should not be used,,factor/integration_base.h,116,22,,
misra-c2012-12.3,style,The comma operator should not be used,The comma operator should not be used,,factor/integration_base.h,117,22,,
misra-c2012-12.3,style,The comma operator should not be used,The comma operator should not be used,,factor/integration_base.h,118,22,,
misra-c2012-12.3,style,The comma operator should not be used,The comma operator should not be used,,factor/integration_base.h,119,22,,
misra-c2012-12.3,style,The comma operator should not be used,The comma operator should not be used,,factor/integration_base.h,120,22,,
misra-c2012-12.3,style,The comma operator should not be used,The comma operator should not be used,,factor/integration_base.h,121,22,,
misra-c2012-12.3,style,The comma operator should not be used,The comma operator should not be used,,factor/integration_base.h,123,22,,
misra-c2012-12.3,style,The comma operator should not be used,The comma operator should not be used,,factor/integration_base.h,124,22,,
misra-c2012-12.3,style,The comma operator should not be used,The comma operator should not be used,,factor/integration_base.h,125,22,,
misra-c2012-12.3,style,The comma operator should not be used,The comma operator should not be used,,factor/integration_base.h,126,22,,
misra-c2012-12.3,style,The comma operator should not be used,The comma operator should not be used,,factor/integration_base.h,127,22,,
misra-c2012-12.3,style,The comma operator should not be used,The comma operator should not be used,,factor/integration_base.h,131,22,,
misra-c2012-12.3,style,The comma operator should not be used,The comma operator should not be used,,factor/integration_base.h,132,22,,
misra-c2012-12.3,style,The comma operator should not be used,The comma operator should not be used,,factor/integration_base.h,133,22,,
misra-c2012-12.3,style,The comma operator should not be used,The comma operator should not be used,,factor/integration_base.h,134,22,,
misra-c2012-12.3,style,The comma operator should not be used,The comma operator should not be used,,factor/integration_base.h,135,22,,
misra-c2012-12.3,style,The comma operator should not be used,The comma operator should not be used,,factor/integration_base.h,136,22,,
misra-c2012-12.3,style,The comma operator should not be used,The comma operator should not be used,,factor/integration_base.h,137,22,,
misra-c2012-12.3,style,The comma operator should not be used,The comma operator should not be used,,factor/integration_base.h,138,22,,
misra-c2012-12.3,style,The comma operator should not be used,The comma operator should not be used,,factor/integration_base.h,139,22,,
misra-c2012-12.3,style,The comma operator should not be used,The comma operator should not be used,,factor/integration_base.h,140,22,,
misra-c2012-12.3,style,The comma operator should not be used,The comma operator should not be used,,factor/integration_base.h,141,22,,
misra-c2012-12.3,style,The comma operator should not be used,The comma operator should not be used,,factor/integration_base.h,142,22,,
misra-c2012-12.3,style,The comma operator should not be used,The comma operator should not be used,,factor/integration_base.h,188,25,,
misra-c2012-12.3,style,The comma operator should not be used,The comma operator should not be used,,factor/integration_base.h,201,50,,
misra-c2012-12.3,style,The comma operator should not be used,The comma operator should not be used,,factor/integration_base.h,202,50,,
misra-c2012-12.3,style,The comma operator should not be used,The comma operator should not be used,,factor/integration_base.h,204,50,,
misra-c2012-12.3,style,The comma operator should not be used,The comma operator should not be used,,factor/integration_base.h,206,50,,
misra-c2012-12.3,style,The comma operator should not be used,The comma operator should not be used,,factor/integration_base.h,207,50,,
misra-c2012-12.3,style,The comma operator should not be used,The comma operator should not be used,,factor/integration_base.h,219,26,,
misra-c2012-12.3,style,The comma operator should not be used,The comma operator should not be used,,factor/integration_base.h,222,26,,
misra-c2012-12.3,style,The comma operator should not be used,The comma operator should not be used,,factor/integration_base.h,225,26,,
misra-c2012-12.3,style,The comma operator should not be used,The comma operator should not be used,,factor/integration_base.h,227,26,,
misra-c2012-12.3,style,The comma operator should not be used,The comma operator should not be used,,factor/integration_base.h,228,26,,
misra-c2012-12.3,style,The comma operator should not be used,The comma operator should not be used,,factor/integration_base.h,233,26,,
misra-c2012-12.3,style,The comma operator should not be used,The comma operator should not be used,,factor/integration_base.h,234,26,,
misra-c2012-12.3,style,The comma operator should not be used,The comma operator should not be used,,factor/integration_base.h,236,41,,
misra-c2012-12.3,style,The comma operator should not be used,The comma operator should not be used,,factor/integration_base.h,237,34,,
misra-c2012-12.3,style,The comma operator should not be used,The comma operator should not be used,,factor/integration_base.h,239,25,,
misra-c2012-12.3,style,The comma operator should not be used,The comma operator should not be used,,factor/integration_base.h,240,25,,
misra-c2012-12.3,style,The comma operator should not be used,The comma operator should not be used,,factor/integration_base.h,241,25,,
misra-c2012-12.3,style,The comma operator should not be used,The comma operator should not be used,,factor/integration_base.h,242,25,,
misra-c2012-12.3,style,The comma operator should not be used,The comma operator should not be used,,factor/imu_factor.h,21,53,,
misra-c2012-12.3,style,The comma operator should not be used,The comma operator should not be used,,factor/imu_factor.h,75,40,,
misra-c2012-12.3,style,The comma operator should not be used,The comma operator should not be used,,factor/imu_factor.h,79,29,,
misra-c2012-12.3,style,The comma operator should not be used,The comma operator should not be used,,factor/imu_factor.h,89,80,,
misra-c2012-12.3,style,The comma operator should not be used,The comma operator should not be used,,factor/imu_factor.h,91,80,,
misra-c2012-12.3,style,The comma operator should not be used,The comma operator should not be used,,factor/imu_factor.h,94,80,,
misra-c2012-12.3,style,The comma operator should not be used,The comma operator should not be used,,factor/imu_factor.h,97,80,,
misra-c2012-12.3,style,The comma operator should not be used,The comma operator should not be used,,factor/imu_factor.h,99,80,,
misra-c2012-12.3,style,The comma operator should not be used,The comma operator should not be used,,factor/imu_factor.h,116,40,,
misra-c2012-12.3,style,The comma operator should not be used,The comma operator should not be used,,factor/imu_factor.h,118,40,,
misra-c2012-12.3,style,The comma operator should not be used,The comma operator should not be used,,factor/imu_factor.h,127,40,,
misra-c2012-12.3,style,The comma operator should not be used,The comma operator should not be used,,factor/imu_factor.h,130,82,,
misra-c2012-12.3,style,The comma operator should not be used,The comma operator should not be used,,factor/imu_factor.h,133,40,,
misra-c2012-12.3,style,The comma operator should not be used,The comma operator should not be used,,factor/imu_factor.h,151,45,,
misra-c2012-12.3,style,The comma operator should not be used,The comma operator should not be used,,factor/imu_factor.h,153,45,,
misra-c2012-12.3,style,The comma operator should not be used,The comma operator should not be used,,factor/imu_factor.h,154,45,,
misra-c2012-12.3,style,The comma operator should not be used,The comma operator should not be used,,factor/imu_factor.h,161,45,,
misra-c2012-12.3,style,The comma operator should not be used,The comma operator should not be used,,factor/imu_factor.h,164,94,,
misra-c2012-12.3,style,The comma operator should not be used,The comma operator should not be used,,factor/imu_factor.h,168,45,,
misra-c2012-12.3,style,The comma operator should not be used,The comma operator should not be used,,factor/imu_factor.h,170,45,,
misra-c2012-12.3,style,The comma operator should not be used,The comma operator should not be used,,factor/imu_factor.h,171,45,,
misra-c2012-12.3,style,The comma operator should not be used,The comma operator should not be used,,factor/imu_factor.h,173,45,,
misra-c2012-12.3,style,The comma operator should not be used,The comma operator should not be used,,factor/imu_factor.h,176,45,,
misra-c2012-12.3,style,The comma operator should not be used,The comma operator should not be used,,factor/imu_factor.h,190,40,,
misra-c2012-12.3,style,The comma operator should not be used,The comma operator should not be used,,factor/imu_factor.h,198,40,,
misra-c2012-12.3,style,The comma operator should not be used,The comma operator should not be used,,factor/imu_factor.h,201,81,,
misra-c2012-12.3,style,The comma operator should not be used,The comma operator should not be used,,factor/imu_factor.h,215,45,,
misra-c2012-12.3,style,The comma operator should not be used,The comma operator should not be used,,factor/imu_factor.h,218,45,,
misra-c2012-12.3,style,The comma operator should not be used,The comma operator should not be used,,factor/imu_factor.h,221,45,,
misra-c2012-12.3,style,The comma operator should not be used,The comma operator should not be used,,initial/initial_alignment.h,28,60,,
misra-c2012-12.3,style,The comma operator should not be used,The comma operator should not be used,,initial/initial_alignment.h,32,0,,
misra-c2012-12.3,style,The comma operator should not be used,The comma operator should not be used,,factor/pose_local_parameterization.h,48,25,,
misra-c2012-12.3,style,The comma operator should not be used,The comma operator should not be used,,factor/projection_factor.h,17,59,,
misra-c2012-12.3,style,The comma operator should not be used,The comma operator should not be used,,factor/projection_factor.h,32,26,,
misra-c2012-12.3,style,The comma operator should not be used,The comma operator should not be used,,factor/projection_factor.h,33,25,,
misra-c2012-12.3,style,The comma operator should not be used,The comma operator should not be used,,factor/projection_td_factor.h,17,61,,
misra-c2012-12.3,style,The comma operator should not be used,The comma operator should not be used,,factor/projection_td_factor.h,32,26,,
misra-c2012-12.3,style,The comma operator should not be used,The comma operator should not be used,,factor/projection_td_factor.h,33,31,,
misra-c2012-12.3,style,The comma operator should not be used,The comma operator should not be used,,factor/projection_td_factor.h,34,16,,
misra-c2012-12.3,style,The comma operator should not be used,The comma operator should not be used,,factor/projection_td_factor.h,35,25,,
misra-c2012-12.3,style,The comma operator should not be used,The comma operator should not be used,,factor/projection_td_factor.h,36,17,,
misra-c2012-12.3,style,The comma operator should not be used,The comma operator should not be used,,factor/marginalization_factor.h,41,37,,
misra-c2012-12.3,style,The comma operator should not be used,The comma operator should not be used,,factor/marginalization_factor.h,42,45,,
misra-c2012-12.3,style,The comma operator should not be used,The comma operator should not be used,,factor/marginalization_factor.h,58,28,,
misra-c2012-12.3,style,The comma operator should not be used,The comma operator should not be used,,factor/marginalization_factor.h,59,28,,
misra-c2012-12.3,style,The comma operator should not be used,The comma operator should not be used,,factor/marginalization_factor.h,81,10,,
misra-c2012-12.3,style,The comma operator should not be used,The comma operator should not be used,,factor/marginalization_factor.h,82,28,,
misra-c2012-12.3,style,The comma operator should not be used,The comma operator should not be used,,factor/marginalization_factor.h,84,28,,
misra-c2012-12.3,style,The comma operator should not be used,The comma operator should not be used,,factor/marginalization_factor.h,85,28,,
misra-c2012-12.3,style,The comma operator should not be used,The comma operator should not be used,,factor/laser_2d_factor.h,18,56,,
misra-c2012-12.3,style,The comma operator should not be used,The comma operator should not be used,,factor/laser_2d_factor.h,27,25,,
misra-c2012-12.3,style,The comma operator should not be used,The comma operator should not be used,,utility/geometry_utils.h,88,16,,
misra-c2012-12.3,style,The comma operator should not be used,The comma operator should not be used,,utility/geometry_utils.h,143,20,,
misra-c2012-12.3,style,The comma operator should not be used,The comma operator should not be used,,utility/geometry_utils.h,145,20,,
misra-c2012-12.3,style,The comma operator should not be used,The comma operator should not be used,,factor/p2l_analytic_icp_factor.h,14,63,,
misra-c2012-12.3,style,The comma operator should not be used,The comma operator should not be used,,factor/p2l_analytic_icp_factor.h,29,30,,
misra-c2012-12.3,style,The comma operator should not be used,The comma operator should not be used,,factor/lidar_factor.h,18,32,,
misra-c2012-12.3,style,The comma operator should not be used,The comma operator should not be used,,factor/lidar_factor.h,32,40,,
misra-c2012-12.3,style,The comma operator should not be used,The comma operator should not be used,,factor/lidar_factor.h,33,24,,
misra-c2012-12.3,style,The comma operator should not be used,The comma operator should not be used,,factor/lidar_factor.h,34,40,,
misra-c2012-12.3,style,The comma operator should not be used,The comma operator should not be used,,factor/lidar_factor.h,37,24,,
misra-c2012-12.3,style,The comma operator should not be used,The comma operator should not be used,,factor/lidar_factor.h,38,24,,
misra-c2012-12.3,style,The comma operator should not be used,The comma operator should not be used,,factor/lidar_factor.h,46,24,,
misra-c2012-12.3,style,The comma operator should not be used,The comma operator should not be used,,factor/lidar_factor.h,47,33,,
misra-c2012-12.3,style,The comma operator should not be used,The comma operator should not be used,,factor/lidar_factor.h,51,24,,
misra-c2012-12.3,style,The comma operator should not be used,The comma operator should not be used,,factor/lidar_factor.h,52,34,,
misra-c2012-12.3,style,The comma operator should not be used,The comma operator should not be used,,factor/lidar_factor.h,78,29,,
misra-c2012-12.3,style,The comma operator should not be used,The comma operator should not be used,,factor/lidar_factor.h,79,29,,
misra-c2012-12.3,style,The comma operator should not be used,The comma operator should not be used,,factor/lidar_factor.h,80,36,,
misra-c2012-12.3,style,The comma operator should not be used,The comma operator should not be used,,factor/lidar_factor.h,97,37,,
misra-c2012-12.3,style,The comma operator should not be used,The comma operator should not be used,,factor/lidar_factor.h,98,24,,
misra-c2012-12.3,style,The comma operator should not be used,The comma operator should not be used,,factor/lidar_factor.h,99,37,,
misra-c2012-12.3,style,The comma operator should not be used,The comma operator should not be used,,factor/lidar_factor.h,101,24,,
misra-c2012-12.3,style,The comma operator should not be used,The comma operator should not be used,,factor/lidar_factor.h,102,37,,
misra-c2012-12.3,style,The comma operator should not be used,The comma operator should not be used,,factor/lidar_factor.h,103,24,,
misra-c2012-12.3,style,The comma operator should not be used,The comma operator should not be used,,factor/lidar_factor.h,104,37,,
misra-c2012-12.3,style,The comma operator should not be used,The comma operator should not be used,,factor/lidar_factor.h,107,24,,
misra-c2012-12.3,style,The comma operator should not be used,The comma operator should not be used,,factor/lidar_factor.h,108,45,,
misra-c2012-12.3,style,The comma operator should not be used,The comma operator should not be used,,factor/lidar_factor.h,109,24,,
misra-c2012-12.3,style,The comma operator should not be used,The comma operator should not be used,,factor/lidar_factor.h,110,45,,
misra-c2012-12.3,style,The comma operator should not be used,The comma operator should not be used,,factor/lidar_factor.h,119,24,,
misra-c2012-12.3,style,The comma operator should not be used,The comma operator should not be used,,factor/lidar_factor.h,120,34,,
misra-c2012-12.3,style,The comma operator should not be used,The comma operator should not be used,,factor/lidar_factor.h,123,24,,
misra-c2012-12.3,style,The comma operator should not be used,The comma operator should not be used,,factor/lidar_factor.h,124,34,,
misra-c2012-12.3,style,The comma operator should not be used,The comma operator should not be used,,factor/lidar_factor.h,127,24,,
misra-c2012-12.3,style,The comma operator should not be used,The comma operator should not be used,,factor/lidar_factor.h,128,24,,
misra-c2012-12.3,style,The comma operator should not be used,The comma operator should not be used,,factor/lidar_factor.h,153,29,,
misra-c2012-12.3,style,The comma operator should not be used,The comma operator should not be used,,factor/lidar_factor.h,156,36,,
misra-c2012-12.3,style,The comma operator should not be used,The comma operator should not be used,,factor/lidar_factor.h,171,40,,
misra-c2012-12.3,style,The comma operator should not be used,The comma operator should not be used,,factor/lidar_factor.h,175,24,,
misra-c2012-12.3,style,The comma operator should not be used,The comma operator should not be used,,factor/lidar_factor.h,176,37,,
misra-c2012-12.3,style,The comma operator should not be used,The comma operator should not be used,,factor/lidar_factor.h,178,24,,
misra-c2012-12.3,style,The comma operator should not be used,The comma operator should not be used,,factor/lidar_factor.h,179,37,,
misra-c2012-12.3,style,The comma operator should not be used,The comma operator should not be used,,factor/lidar_factor.h,182,24,,
misra-c2012-12.3,style,The comma operator should not be used,The comma operator should not be used,,factor/lidar_factor.h,183,45,,
misra-c2012-12.3,style,The comma operator should not be used,The comma operator should not be used,,factor/lidar_factor.h,184,24,,
misra-c2012-12.3,style,The comma operator should not be used,The comma operator should not be used,,factor/lidar_factor.h,185,45,,
misra-c2012-12.3,style,The comma operator should not be used,The comma operator should not be used,,factor/lidar_factor.h,194,24,,
misra-c2012-12.3,style,The comma operator should not be used,The comma operator should not be used,,factor/lidar_factor.h,195,34,,
misra-c2012-12.3,style,The comma operator should not be used,The comma operator should not be used,,factor/lidar_factor.h,198,24,,
misra-c2012-12.3,style,The comma operator should not be used,The comma operator should not be used,,factor/lidar_factor.h,200,24,,
misra-c2012-12.3,style,The comma operator should not be used,The comma operator should not be used,,factor/lidar_factor.h,201,37,,
misra-c2012-12.3,style,The comma operator should not be used,The comma operator should not be used,,factor/lidar_factor.h,226,29,,
misra-c2012-12.3,style,The comma operator should not be used,The comma operator should not be used,,factor/lidar_factor.h,227,36,,
misra-c2012-12.3,style,The comma operator should not be used,The comma operator should not be used,,factor/lidar_factor.h,242,37,,
misra-c2012-12.3,style,The comma operator should not be used,The comma operator should not be used,,factor/lidar_factor.h,243,24,,
misra-c2012-12.3,style,The comma operator should not be used,The comma operator should not be used,,factor/lidar_factor.h,244,37,,
misra-c2012-12.3,style,The comma operator should not be used,The comma operator should not be used,,factor/lidar_factor.h,246,24,,
misra-c2012-12.3,style,The comma operator should not be used,The comma operator should not be used,,factor/lidar_factor.h,248,24,,
misra-c2012-12.3,style,The comma operator should not be used,The comma operator should not be used,,factor/lidar_factor.h,251,24,,
misra-c2012-12.3,style,The comma operator should not be used,The comma operator should not be used,,factor/lidar_factor.h,252,24,,
misra-c2012-12.3,style,The comma operator should not be used,The comma operator should not be used,,factor/lidar_factor.h,284,29,,
misra-c2012-12.3,style,The comma operator should not be used,The comma operator should not be used,,factor/lidar_factor.h,315,40,,
misra-c2012-12.3,style,The comma operator should not be used,The comma operator should not be used,,factor/lidar_factor.h,319,24,,
misra-c2012-12.3,style,The comma operator should not be used,The comma operator should not be used,,factor/lidar_factor.h,320,37,,
misra-c2012-12.3,style,The comma operator should not be used,The comma operator should not be used,,factor/lidar_factor.h,322,24,,
misra-c2012-12.3,style,The comma operator should not be used,The comma operator should not be used,,factor/lidar_factor.h,323,37,,
misra-c2012-12.3,style,The comma operator should not be used,The comma operator should not be used,,factor/lidar_factor.h,330,24,,
misra-c2012-12.3,style,The comma operator should not be used,The comma operator should not be used,,factor/lidar_factor.h,331,24,,
misra-c2012-12.3,style,The comma operator should not be used,The comma operator should not be used,,factor/lidar_factor.h,334,24,,
misra-c2012-12.3,style,The comma operator should not be used,The comma operator should not be used,,factor/lidar_factor.h,338,36,,
misra-c2012-12.3,style,The comma operator should not be used,The comma operator should not be used,,factor/lidar_factor.h,339,37,,
misra-c2012-12.3,style,The comma operator should not be used,The comma operator should not be used,,factor/lidar_2d_factor.h,18,56,,
misra-c2012-12.3,style,The comma operator should not be used,The comma operator should not be used,,factor/lidar_2d_factor.h,27,25,,
misra-c2012-12.3,style,The comma operator should not be used,The comma operator should not be used,,laser/laser_manager.h,125,36,,
misra-c2012-12.3,style,The comma operator should not be used,The comma operator should not be used,,laser/laser_manager.h,142,36,,
misra-c2012-12.3,style,The comma operator should not be used,The comma operator should not be used,,laser/laser_manager.h,180,37,,
misra-c2012-12.3,style,The comma operator should not be used,The comma operator should not be used,,laser/laser_manager.h,184,30,,
misra-c2012-12.3,style,The comma operator should not be used,The comma operator should not be used,,laser/laser_manager.h,185,37,,
misra-c2012-12.3,style,The comma operator should not be used,The comma operator should not be used,,laser/feature_laser.h,13,35,,
misra-c2012-12.3,style,The comma operator should not be used,The comma operator should not be used,,factor/projection_fixdepth_td_factor.h,11,40,,
misra-c2012-12.3,style,The comma operator should not be used,The comma operator should not be used,,factor/projection_fixdepth_td_factor.h,27,24,,
misra-c2012-12.3,style,The comma operator should not be used,The comma operator should not be used,,factor/projection_fixdepth_td_factor.h,28,29,,
misra-c2012-12.3,style,The comma operator should not be used,The comma operator should not be used,,factor/projection_fixdepth_td_factor.h,29,14,,
misra-c2012-12.3,style,The comma operator should not be used,The comma operator should not be used,,factor/projection_fixdepth_td_factor.h,31,23,,
misra-c2012-12.3,style,The comma operator should not be used,The comma operator should not be used,,factor/projection_fixdepth_td_factor.h,32,15,,
misra-c2012-12.3,style,The comma operator should not be used,The comma operator should not be used,,map/icp_association.h,48,20,,
misra-c2012-12.3,style,The comma operator should not be used,The comma operator should not be used,,map/icp_association.h,49,20,,
misra-c2012-12.3,style,The comma operator should not be used,The comma operator should not be used,,map/icp_association.h,50,20,,
misra-c2012-12.3,style,The comma operator should not be used,The comma operator should not be used,,map/icp_association.h,51,20,,
misra-c2012-12.3,style,The comma operator should not be used,The comma operator should not be used,,encoder/encoder_manager.h,22,18,,
misra-c2012-12.3,style,The comma operator should not be used,The comma operator should not be used,,lidar/lidar_manager.h,112,20,,
misra-c2012-12.3,style,The comma operator should not be used,The comma operator should not be used,,estimator.h,286,22,,
misra-c2012-12.3,style,The comma operator should not be used,The comma operator should not be used,,estimator.h,291,19,,
misra-c2012-12.3,style,The comma operator should not be used,The comma operator should not be used,,estimator.h,292,19,,
misra-c2012-12.3,style,The comma operator should not be used,The comma operator should not be used,,estimator.h,304,21,,
misra-c2012-12.3,style,The comma operator should not be used,The comma operator should not be used,,estimator.h,305,21,,
misra-c2012-12.3,style,The comma operator should not be used,The comma operator should not be used,,estimator.h,309,19,,
misra-c2012-12.3,style,The comma operator should not be used,The comma operator should not be used,,estimator.h,317,23,,
misra-c2012-12.3,style,The comma operator should not be used,The comma operator should not be used,,estimator.h,336,18,,
misra-c2012-12.3,style,The comma operator should not be used,The comma operator should not be used,,estimator.h,366,15,,
misra-c2012-12.3,style,The comma operator should not be used,The comma operator should not be used,,estimator.h,392,15,,
misra-c2012-12.3,style,The comma operator should not be used,The comma operator should not be used,,estimator.h,398,39,,
misra-c2012-12.3,style,The comma operator should not be used,The comma operator should not be used,,utility/visualization.h,38,31,,
misra-c2012-12.3,style,The comma operator should not be used,The comma operator should not be used,,utility/visualization.h,39,32,,
misra-c2012-12.3,style,The comma operator should not be used,The comma operator should not be used,,utility/visualization.h,41,35,,
misra-c2012-12.3,style,The comma operator should not be used,The comma operator should not be used,,utility/visualization.h,45,21,,
misra-c2012-12.3,style,The comma operator should not be used,The comma operator should not be used,,estimator.cpp,26,51,,
misra-c2012-12.3,style,The comma operator should not be used,The comma operator should not be used,,estimator.cpp,57,29,,
misra-c2012-12.3,style,The comma operator should not be used,The comma operator should not be used,,estimator.cpp,113,22,,
misra-c2012-12.3,style,The comma operator should not be used,The comma operator should not be used,,estimator.cpp,483,27,,
misra-c2012-12.3,style,The comma operator should not be used,The comma operator should not be used,,estimator.cpp,571,23,,
misra-c2012-12.3,style,The comma operator should not be used,The comma operator should not be used,,estimator.cpp,593,48,,
misra-c2012-12.3,style,The comma operator should not be used,The comma operator should not be used,,estimator.cpp,603,48,,
misra-c2012-12.3,style,The comma operator should not be used,The comma operator should not be used,,estimator.cpp,621,12,,
misra-c2012-12.3,style,The comma operator should not be used,The comma operator should not be used,,estimator.cpp,662,15,,
misra-c2012-12.3,style,The comma operator should not be used,The comma operator should not be used,,estimator.cpp,663,12,,
misra-c2012-12.3,style,The comma operator should not be used,The comma operator should not be used,,estimator.cpp,668,18,,
misra-c2012-12.3,style,The comma operator should not be used,The comma operator should not be used,,estimator.cpp,721,23,,
misra-c2012-12.3,style,The comma operator should not be used,The comma operator should not be used,,estimator.cpp,866,15,,
misra-c2012-12.3,style,The comma operator should not be used,The comma operator should not be used,,estimator.cpp,951,34,,
misra-c2012-12.3,style,The comma operator should not be used,The comma operator should not be used,,estimator.cpp,1300,17,,
misra-c2012-12.3,style,The comma operator should not be used,The comma operator should not be used,,estimator.cpp,1305,20,,
misra-c2012-12.3,style,The comma operator should not be used,The comma operator should not be used,,estimator.cpp,1325,10,,
misra-c2012-12.3,style,The comma operator should not be used,The comma operator should not be used,,estimator.cpp,1344,16,,
misra-c2012-12.3,style,The comma operator should not be used,The comma operator should not be used,,estimator.cpp,1375,22,,
misra-c2012-12.3,style,The comma operator should not be used,The comma operator should not be used,,estimator.cpp,1434,19,,
misra-c2012-12.3,style,The comma operator should not be used,The comma operator should not be used,,estimator.cpp,1591,26,,
misra-c2012-12.3,style,The comma operator should not be used,The comma operator should not be used,,estimator.cpp,1594,22,,
misra-c2012-12.3,style,The comma operator should not be used,The comma operator should not be used,,estimator.cpp,1610,46,,
misra-c2012-12.3,style,The comma operator should not be used,The comma operator should not be used,,estimator.cpp,2040,30,,
misra-c2012-12.3,style,The comma operator should not be used,The comma operator should not be used,,estimator.cpp,2106,30,,
misra-c2012-12.3,style,The comma operator should not be used,The comma operator should not be used,,estimator.cpp,2171,49,,
misra-c2012-12.3,style,The comma operator should not be used,The comma operator should not be used,,estimator.cpp,2331,30,,
misra-c2012-12.3,style,The comma operator should not be used,The comma operator should not be used,,estimator.cpp,2454,54,,
misra-c2012-12.3,style,The comma operator should not be used,The comma operator should not be used,,estimator.cpp,2584,32,,
misra-c2012-12.3,style,The comma operator should not be used,The comma operator should not be used,,estimator.cpp,2659,36,,
misra-c2012-12.3,style,The comma operator should not be used,The comma operator should not be used,,estimator.cpp,2926,20,,
misra-c2012-12.3,style,The comma operator should not be used,The comma operator should not be used,,estimator.cpp,2927,20,,
misra-c2012-12.3,style,The comma operator should not be used,The comma operator should not be used,,estimator.cpp,2934,43,,
misra-c2012-12.3,style,The comma operator should not be used,The comma operator should not be used,,estimator.cpp,3330,17,,
misra-c2012-12.3,style,The comma operator should not be used,The comma operator should not be used,,estimator.cpp,3551,15,,
misra-c2012-12.3,style,The comma operator should not be used,The comma operator should not be used,,utility/nanoflann.hpp,760,23,,
misra-c2012-12.3,style,The comma operator should not be used,The comma operator should not be used,,utility/nanoflann.hpp,764,28,,
misra-c2012-12.3,style,The comma operator should not be used,The comma operator should not be used,,utility/nanoflann.hpp,767,17,,
misra-c2012-12.3,style,The comma operator should not be used,The comma operator should not be used,,utility/nanoflann.hpp,773,20,,
misra-c2012-12.3,style,The comma operator should not be used,The comma operator should not be used,,utility/nanoflann.hpp,926,29,,
misra-c2012-12.3,style,The comma operator should not be used,The comma operator should not be used,,utility/nanoflann.hpp,938,25,,
misra-c2012-12.3,style,The comma operator should not be used,The comma operator should not be used,,utility/nanoflann.hpp,948,19,,
misra-c2012-12.3,style,The comma operator should not be used,The comma operator should not be used,,utility/nanoflann.hpp,442,23,,
misra-c2012-12.3,style,The comma operator should not be used,The comma operator should not be used,,utility/nanoflann.hpp,228,34,,
misra-c2012-12.3,style,The comma operator should not be used,The comma operator should not be used,,utility/nanoflann.hpp,261,22,,
misra-c2012-17.2,style,"Functions shall not call themselves, either directly or indirectly","Functions shall not call themselves, either directly or indirectly",,utility/utility.h,266,22,,
misra-c2012-17.2,style,"Functions shall not call themselves, either directly or indirectly","Functions shall not call themselves, either directly or indirectly",,utility/nanoflann.hpp,1745,5,,
misra-c2012-17.2,style,"Functions shall not call themselves, either directly or indirectly","Functions shall not call themselves, either directly or indirectly",,utility/nanoflann.hpp,1751,7,,
misra-c2012-17.2,style,"Functions shall not call themselves, either directly or indirectly","Functions shall not call themselves, either directly or indirectly",,utility/nanoflann.hpp,1391,10,,
misra-c2012-17.2,style,"Functions shall not call themselves, either directly or indirectly","Functions shall not call themselves, either directly or indirectly",,utility/nanoflann.hpp,1401,12,,
misra-c2012-17.2,style,"Functions shall not call themselves, either directly or indirectly","Functions shall not call themselves, either directly or indirectly",,utility/nanoflann.hpp,892,22,,
misra-c2012-17.2,style,"Functions shall not call themselves, either directly or indirectly","Functions shall not call themselves, either directly or indirectly",,utility/nanoflann.hpp,896,22,,
misra-c2012-17.2,style,"Functions shall not call themselves, either directly or indirectly","Functions shall not call themselves, either directly or indirectly",,utility/nanoflann.hpp,1028,7,,
misra-c2012-17.2,style,"Functions shall not call themselves, either directly or indirectly","Functions shall not call themselves, either directly or indirectly",,utility/nanoflann.hpp,1031,7,,
misra-c2012-17.2,style,"Functions shall not call themselves, either directly or indirectly","Functions shall not call themselves, either directly or indirectly",,utility/nanoflann.hpp,1039,7,,
misra-c2012-17.2,style,"Functions shall not call themselves, either directly or indirectly","Functions shall not call themselves, either directly or indirectly",,utility/nanoflann.hpp,1042,7,,
misra-c2012-5.6,style,A typedef name shall be a unique identifier,A typedef name shall be a unique identifier,,utility/utility.h,31,42,,
misra-c2012-5.6,style,A typedef name shall be a unique identifier,A typedef name shall be a unique identifier,,utility/utility.h,136,42,,
misra-c2012-5.6,style,A typedef name shall be a unique identifier,A typedef name shall be a unique identifier,,utility/utility.h,186,42,,
misra-c2012-5.6,style,A typedef name shall be a unique identifier,A typedef name shall be a unique identifier,,ThirdParty/DBoW/TemplatedVocabulary.h,281,30,,
misra-c2012-5.6,style,A typedef name shall be a unique identifier,A typedef name shall be a unique identifier,,ThirdParty/DBoW/FClass.h,28,30,,
misra-c2012-5.6,style,A typedef name shall be a unique identifier,A typedef name shall be a unique identifier,,ThirdParty/DBoW/FBrief.h,28,30,,
misra-c2012-5.6,style,A typedef name shall be a unique identifier,A typedef name shall be a unique identifier,,utility/nanoflann.hpp,144,25,,
misra-c2012-5.6,style,A typedef name shall be a unique identifier,A typedef name shall be a unique identifier,,utility/nanoflann.hpp,222,25,,
misra-c2012-5.6,style,A typedef name shall be a unique identifier,A typedef name shall be a unique identifier,,utility/nanoflann.hpp,145,22,,
misra-c2012-5.6,style,A typedef name shall be a unique identifier,A typedef name shall be a unique identifier,,utility/nanoflann.hpp,223,22,,
misra-c2012-5.6,style,A typedef name shall be a unique identifier,A typedef name shall be a unique identifier,,utility/nanoflann.hpp,326,25,,
misra-c2012-5.6,style,A typedef name shall be a unique identifier,A typedef name shall be a unique identifier,,utility/nanoflann.hpp,325,13,,
misra-c2012-5.6,style,A typedef name shall be a unique identifier,A typedef name shall be a unique identifier,,utility/nanoflann.hpp,376,13,,
misra-c2012-5.6,style,A typedef name shall be a unique identifier,A typedef name shall be a unique identifier,,utility/nanoflann.hpp,377,25,,
misra-c2012-5.6,style,A typedef name shall be a unique identifier,A typedef name shall be a unique identifier,,utility/nanoflann.hpp,424,13,,
misra-c2012-5.6,style,A typedef name shall be a unique identifier,A typedef name shall be a unique identifier,,utility/nanoflann.hpp,425,25,,
misra-c2012-5.6,style,A typedef name shall be a unique identifier,A typedef name shall be a unique identifier,,utility/nanoflann.hpp,456,13,,
misra-c2012-5.6,style,A typedef name shall be a unique identifier,A typedef name shall be a unique identifier,,utility/nanoflann.hpp,457,25,,
misra-c2012-5.6,style,A typedef name shall be a unique identifier,A typedef name shall be a unique identifier,,utility/nanoflann.hpp,491,13,,
misra-c2012-5.6,style,A typedef name shall be a unique identifier,A typedef name shall be a unique identifier,,utility/nanoflann.hpp,492,25,,
misra-c2012-5.6,style,A typedef name shall be a unique identifier,A typedef name shall be a unique identifier,,utility/nanoflann.hpp,513,39,,
misra-c2012-5.6,style,A typedef name shall be a unique identifier,A typedef name shall be a unique identifier,,utility/nanoflann.hpp,519,39,,
misra-c2012-5.6,style,A typedef name shall be a unique identifier,A typedef name shall be a unique identifier,,utility/nanoflann.hpp,525,46,,
misra-c2012-5.6,style,A typedef name shall be a unique identifier,A typedef name shall be a unique identifier,,utility/nanoflann.hpp,531,40,,
misra-c2012-5.6,style,A typedef name shall be a unique identifier,A typedef name shall be a unique identifier,,utility/nanoflann.hpp,537,40,,
misra-c2012-5.6,style,A typedef name shall be a unique identifier,A typedef name shall be a unique identifier,,utility/nanoflann.hpp,717,30,,
misra-c2012-5.6,style,A typedef name shall be a unique identifier,A typedef name shall be a unique identifier,,utility/nanoflann.hpp,721,26,,
misra-c2012-5.6,style,A typedef name shall be a unique identifier,A typedef name shall be a unique identifier,,utility/nanoflann.hpp,751,42,,
misra-c2012-5.6,style,A typedef name shall be a unique identifier,A typedef name shall be a unique identifier,,utility/nanoflann.hpp,752,43,,
misra-c2012-5.6,style,A typedef name shall be a unique identifier,A typedef name shall be a unique identifier,,utility/nanoflann.hpp,1142,46,,
misra-c2012-5.6,style,A typedef name shall be a unique identifier,A typedef name shall be a unique identifier,,utility/nanoflann.hpp,1143,47,,
misra-c2012-5.6,style,A typedef name shall be a unique identifier,A typedef name shall be a unique identifier,,utility/nanoflann.hpp,770,17,,
misra-c2012-5.6,style,A typedef name shall be a unique identifier,A typedef name shall be a unique identifier,,utility/nanoflann.hpp,1146,17,,
misra-c2012-5.6,style,A typedef name shall be a unique identifier,A typedef name shall be a unique identifier,,utility/nanoflann.hpp,793,65,,
misra-c2012-5.6,style,A typedef name shall be a unique identifier,A typedef name shall be a unique identifier,,utility/nanoflann.hpp,1151,46,,
misra-c2012-5.6,style,A typedef name shall be a unique identifier,A typedef name shall be a unique identifier,,utility/nanoflann.hpp,798,7,,
misra-c2012-5.6,style,A typedef name shall be a unique identifier,A typedef name shall be a unique identifier,,utility/nanoflann.hpp,1155,52,,
misra-c2012-5.6,style,A typedef name shall be a unique identifier,A typedef name shall be a unique identifier,,utility/nanoflann.hpp,1140,7,,
misra-c2012-5.6,style,A typedef name shall be a unique identifier,A typedef name shall be a unique identifier,,utility/nanoflann.hpp,1487,7,,
misra-c2012-5.6,style,A typedef name shall be a unique identifier,A typedef name shall be a unique identifier,,utility/nanoflann.hpp,1489,46,,
misra-c2012-5.6,style,A typedef name shall be a unique identifier,A typedef name shall be a unique identifier,,utility/nanoflann.hpp,1490,47,,
misra-c2012-5.6,style,A typedef name shall be a unique identifier,A typedef name shall be a unique identifier,,utility/nanoflann.hpp,1145,39,,
misra-c2012-5.6,style,A typedef name shall be a unique identifier,A typedef name shall be a unique identifier,,utility/nanoflann.hpp,1492,39,,
misra-c2012-5.6,style,A typedef name shall be a unique identifier,A typedef name shall be a unique identifier,,utility/nanoflann.hpp,1493,17,,
misra-c2012-5.6,style,A typedef name shall be a unique identifier,A typedef name shall be a unique identifier,,utility/nanoflann.hpp,1148,43,,
misra-c2012-5.6,style,A typedef name shall be a unique identifier,A typedef name shall be a unique identifier,,utility/nanoflann.hpp,1495,43,,
misra-c2012-5.6,style,A typedef name shall be a unique identifier,A typedef name shall be a unique identifier,,utility/nanoflann.hpp,1498,46,,
misra-c2012-5.6,style,A typedef name shall be a unique identifier,A typedef name shall be a unique identifier,,utility/nanoflann.hpp,1502,52,,
misra-c2012-5.6,style,A typedef name shall be a unique identifier,A typedef name shall be a unique identifier,,utility/nanoflann.hpp,1790,42,,
misra-c2012-5.6,style,A typedef name shall be a unique identifier,A typedef name shall be a unique identifier,,utility/nanoflann.hpp,1791,43,,
misra-c2012-5.6,style,A typedef name shall be a unique identifier,A typedef name shall be a unique identifier,,utility/nanoflann.hpp,1957,38,,
misra-c2012-5.6,style,A typedef name shall be a unique identifier,A typedef name shall be a unique identifier,,laser/nanoflann_laser_uv.h,55,46,,
misra-c2012-5.6,style,A typedef name shall be a unique identifier,A typedef name shall be a unique identifier,,laser/laser_frame.h,21,0,,
misra-c2012-5.6,style,A typedef name shall be a unique identifier,A typedef name shall be a unique identifier,,laser/nanoflann_laser_uv.h,54,40,,
misra-c2012-5.6,style,A typedef name shall be a unique identifier,A typedef name shall be a unique identifier,,laser/laser_frame.h,22,0,,
misra-c2012-5.6,style,A typedef name shall be a unique identifier,A typedef name shall be a unique identifier,,laser/nanoflann_laser_points_2d.h,55,46,,
misra-c2012-5.6,style,A typedef name shall be a unique identifier,A typedef name shall be a unique identifier,,laser/laser_manager.h,18,0,,
misra-c2012-5.6,style,A typedef name shall be a unique identifier,A typedef name shall be a unique identifier,,laser/nanoflann_laser_points_2d.h,54,40,,
misra-c2012-5.6,style,A typedef name shall be a unique identifier,A typedef name shall be a unique identifier,,laser/laser_manager.h,19,0,,
misra-c2012-5.6,style,A typedef name shall be a unique identifier,A typedef name shall be a unique identifier,,laser/laser_manager.h,20,0,,
misra-c2012-5.6,style,A typedef name shall be a unique identifier,A typedef name shall be a unique identifier,,laser/laser_manager.h,21,0,,
misra-c2012-2.3,style,A project should not contain unused type declarations,A project should not contain unused type declarations,,ThirdParty/DBoW/BowVector.h,26,22,,
misra-c2012-2.3,style,A project should not contain unused type declarations,A project should not contain unused type declarations,,ThirdParty/DBoW/DBoW2.h,72,3,,
misra-c2012-2.3,style,A project should not contain unused type declarations,A project should not contain unused type declarations,,ThirdParty/DBoW/DBoW2.h,76,3,,
misra-c2012-2.3,style,A project should not contain unused type declarations,A project should not contain unused type declarations,,parameters.h,122,0,,
misra-c2012-2.3,style,A project should not contain unused type declarations,A project should not contain unused type declarations,,parameters.h,124,0,,
misra-c2012-2.3,style,A project should not contain unused type declarations,A project should not contain unused type declarations,,parameters.h,125,0,,
misra-c2012-2.3,style,A project should not contain unused type declarations,A project should not contain unused type declarations,,parameters.h,127,37,,
misra-c2012-2.3,style,A project should not contain unused type declarations,A project should not contain unused type declarations,,map/feature_map_point.h,16,30,,
misra-c2012-2.3,style,A project should not contain unused type declarations,A project should not contain unused type declarations,,utility/nanoflann.hpp,325,13,,
misra-c2012-2.3,style,A project should not contain unused type declarations,A project should not contain unused type declarations,,utility/nanoflann.hpp,513,39,,
misra-c2012-2.3,style,A project should not contain unused type declarations,A project should not contain unused type declarations,,utility/nanoflann.hpp,717,30,,
misra-c2012-2.3,style,A project should not contain unused type declarations,A project should not contain unused type declarations,,utility/nanoflann.hpp,1148,43,,
misra-c2012-2.3,style,A project should not contain unused type declarations,A project should not contain unused type declarations,,laser/laser_point.h,77,37,,
misra-c2012-2.3,style,A project should not contain unused type declarations,A project should not contain unused type declarations,,laser/nanoflann_laser_uv.h,54,40,,
misra-c2012-2.3,style,A project should not contain unused type declarations,A project should not contain unused type declarations,,laser/nanoflann_laser_uv.h,55,46,,
misra-c2012-2.3,style,A project should not contain unused type declarations,A project should not contain unused type declarations,,lidar/lidar_frame.h,108,43,,
